summary,Year,Engine HP,Engine Cylinders,Number of Doors,highway MPG,city mpg,Popularity,MSRP
mean,2010.384337753903,249.38607007176023,5.628828677213059,3.4360933825999327,26.637485311398354,19.73325499412456,1554.9111969111968,40594.737032063116
